reference_number,id,authors,title,journal,year,volume,issue,pages,doi,pmid,url,claim,verification_status,vancouver
1,source2026,"Onishi T, Ikenoue T",Association between intravenous flurbiprofen axetil pre-administration and attenuation of protamine-induced hypotension in cardiovascular surgery: a retrospective cohort study,J Jpn Soc Clin Anesth,2026,46,5,413-427,,,,"Hypothesis-generating retrospective signal; local source is author manuscript, not independently verified publisher PDF",Bibliographic citation supplied by author; numeric content verified against supplied manuscript,"Onishi T, Ikenoue T. Association between intravenous flurbiprofen axetil pre-administration and attenuation of protamine-induced hypotension in cardiovascular surgery: a retrospective cohort study. J Jpn Soc Clin Anesth. 2026;46(5):413-427."
2,boer2018,"Boer C, Meesters M, Veerhoek D, Vonk A",Anticoagulant and side-effects of protamine in cardiac surgery: a narrative review,British Journal of Anaesthesia,2018,120,5,914-927,10.1016/j.bja.2018.01.023,,https://doi.org/10.1016/j.bja.2018.01.023,"Protamine pharmacology, anticoagulant effects, dosing, and adverse reactions",Metadata retrieved from Crossref DOI record,"Boer C, Meesters M, Veerhoek D, Vonk A. Anticoagulant and side-effects of protamine in cardiac surgery: a narrative review. British Journal of Anaesthesia. 2018;120(5):914-927. doi:10.1016/j.bja.2018.01.023."
3,weiler1990,"Weiler JM, Gellhaus MA, Carter JG, Meng RL, Benson PM, Hottel RA, Schillig KB, Vegh AB, Clarke WR",A prospective study of the risk of an immediate adverse reaction to protamine sulfate during cardiopulmonary bypass surgery,Journal of Allergy and Clinical Immunology,1990,85,4,713-719,10.1016/0091-6749(90)90189-b,,https://doi.org/10.1016/0091-6749(90)90189-b,Prospective incidence and risk factors for immediate protamine reactions,Metadata retrieved from Crossref DOI record,"Weiler JM, Gellhaus MA, Carter JG, Meng RL, Benson PM, Hottel RA, et al. A prospective study of the risk of an immediate adverse reaction to protamine sulfate during cardiopulmonary bypass surgery. Journal of Allergy and Clinical Immunology. 1990;85(4):713-719. doi:10.1016/0091-6749(90)90189-b."
4,kimmel1998events,"Kimmel SE, Sekeres MA, Berlin JA, Goldberg LR, Strom BL",Adverse Events after Protamine Administration in Patients Undergoing Cardiopulmonary Bypass: Risks and Predictors of Under-Reporting,Journal of Clinical Epidemiology,1998,51,1,1-10,10.1016/s0895-4356(97)00241-2,,https://doi.org/10.1016/s0895-4356(97)00241-2,12.9% rate of adverse events after protamine and under-reporting,Metadata retrieved from Crossref DOI record,"Kimmel SE, Sekeres MA, Berlin JA, Goldberg LR, Strom BL. Adverse Events after Protamine Administration in Patients Undergoing Cardiopulmonary Bypass: Risks and Predictors of Under-Reporting. Journal of Clinical Epidemiology. 1998;51(1):1-10. doi:10.1016/s0895-4356(97)00241-2."
5,welsby2005,"Welsby IJ, Newman MF, Phillips-Bute B, Messier RH, Kakkis ED, Stafford-Smith M",Hemodynamic Changes after Protamine Administration,Anesthesiology,2005,102,2,308-314,10.1097/00000542-200502000-00011,,https://doi.org/10.1097/00000542-200502000-00011,Dose-duration protamine haemodynamic perturbations and mortality association,Metadata retrieved from Crossref DOI record,"Welsby IJ, Newman MF, Phillips-Bute B, Messier RH, Kakkis ED, Stafford-Smith M. Hemodynamic Changes after Protamine Administration. Anesthesiology. 2005;102(2):308-314. doi:10.1097/00000542-200502000-00011."
6,kimmel1998risk,"Kimmel SE, Sekeres MA, Berlin JA, Ellison N, DiSesa VJ, Strom BL",Risk factors for clinically important adverse events after protamine administration following cardiopulmonary bypass,Journal of the American College of Cardiology,1998,32,7,1916-1922,10.1016/s0735-1097(98)00484-7,,https://doi.org/10.1016/s0735-1097(98)00484-7,NPH insulin and allergy risk factors for clinically important protamine events,Metadata retrieved from Crossref DOI record,"Kimmel SE, Sekeres MA, Berlin JA, Ellison N, DiSesa VJ, Strom BL. Risk factors for clinically important adverse events after protamine administration following cardiopulmonary bypass. Journal of the American College of Cardiology. 1998;32(7):1916-1922. doi:10.1016/s0735-1097(98)00484-7."
7,weiss1989,"Weiss ME, Nyhan D, Peng Z, Horrow JC, Lowenstein E, Hirshman C, Adkinson NF",Association of Protamine IgE and IgG Antibodies with Life-Threatening Reactions to Intravenous Protamine,New England Journal of Medicine,1989,320,14,886-892,10.1056/nejm198904063201402,,https://doi.org/10.1056/nejm198904063201402,Protamine antibodies and life-threatening reactions after protamine-insulin exposure,Metadata retrieved from Crossref DOI record,"Weiss ME, Nyhan D, Peng Z, Horrow JC, Lowenstein E, Hirshman C, et al. Association of Protamine IgE and IgG Antibodies with Life-Threatening Reactions to Intravenous Protamine. New England Journal of Medicine. 1989;320(14):886-892. doi:10.1056/nejm198904063201402."
8,suksompong2023,"Suksompong S, Wongsripuemtet P, Srinoulprasert Y, Khamtuikrua C, Chaikittisilpa N",H1 and H2 antihistamines pretreatment for attenuation of protamine reactions after cardiopulmonary bypass: a randomized-controlled study,Annals of Palliative Medicine,2023,12,1,47-59,10.21037/apm-22-714,,https://doi.org/10.21037/apm-22-714,Randomised antihistamine pretreatment trial and serial haemodynamic measurement,Metadata retrieved from Crossref DOI record,"Suksompong S, Wongsripuemtet P, Srinoulprasert Y, Khamtuikrua C, Chaikittisilpa N. H1 and H2 antihistamines pretreatment for attenuation of protamine reactions after cardiopulmonary bypass: a randomized-controlled study. Annals of Palliative Medicine. 2023;12(1):47-59. doi:10.21037/apm-22-714."
9,hobbhahn1988,"Hobbhahn J, Conzen PF, Zenker B, Goetz AE, Peter K, Brendel W",Beneficial Effect of Cyclooxygenase Inhibition on Adverse Hemodynamic Responses after Protamine,Anesth Analg,1988,67,3,253-260,10.1213/00000539-198803000-00008,,https://doi.org/10.1213/00000539-198803000-00008,Preclinical cyclooxygenase inhibition attenuated protamine haemodynamic responses,Metadata retrieved from Crossref DOI record,"Hobbhahn J, Conzen PF, Zenker B, Goetz AE, Peter K, Brendel W. Beneficial Effect of Cyclooxygenase Inhibition on Adverse Hemodynamic Responses after Protamine. Anesth Analg. 1988;67(3):253-260. doi:10.1213/00000539-198803000-00008."
10,wang2021,"Wang B, Wu L, Chen J, Dong L, Chen C, Wen Z, Hu J, Fleming I, Wang DW",Metabolism pathways of arachidonic acids: mechanisms and potential therapeutic targets,Signal Transduction and Targeted Therapy,2021,6,1,94,10.1038/s41392-020-00443-w,,https://doi.org/10.1038/s41392-020-00443-w,Arachidonic-acid and cyclooxygenase pathway biology,Metadata retrieved from Crossref DOI record,"Wang B, Wu L, Chen J, Dong L, Chen C, Wen Z, et al. Metabolism pathways of arachidonic acids: mechanisms and potential therapeutic targets. Signal Transduction and Targeted Therapy. 2021;6(1):94. doi:10.1038/s41392-020-00443-w."
11,ropion_label,Kaken Pharmaceutical Co Ltd,Ropion intravenous 50 mg: Japanese package insert,,2024,,,,,,https://pins.japic.or.jp/pdf/newPINS/00054017.pdf,"Japanese indication, 50-mg dose, composition, contraindications, and safety warnings",Official Japanese electronic package insert saved locally,Kaken Pharmaceutical Co Ltd. Ropion intravenous 50 mg: Japanese package insert. 2024. Available from: https://pins.japic.or.jp/pdf/newPINS/00054017.pdf.
12,yamashita2006,"Yamashita K, Fukusaki M, Ando Y, Fujinaga A, Tanabe T, Terao Y, Sumikawa K",Preoperative administration of intravenous flurbiprofen axetil reduces postoperative pain for spinal fusion surgery,Journal of Anesthesia,2006,20,2,92-95,10.1007/s00540-006-0389-6,,https://doi.org/10.1007/s00540-006-0389-6,Clinical perioperative use of intravenous flurbiprofen axetil,Metadata retrieved from Crossref DOI record,"Yamashita K, Fukusaki M, Ando Y, Fujinaga A, Tanabe T, Terao Y, et al. Preoperative administration of intravenous flurbiprofen axetil reduces postoperative pain for spinal fusion surgery. Journal of Anesthesia. 2006;20(2):92-95. doi:10.1007/s00540-006-0389-6."
13,liu2024,"Liu Y, Li B, Hang L, Zhang L",Association between perioperative flurbiprofen administration and acute kidney injury (AKI) in spine surgery: a retrospective cohort study,Perioperative Medicine,2024,13,1,59,10.1186/s13741-024-00419-2,,https://doi.org/10.1186/s13741-024-00419-2,Observational perioperative flurbiprofen and acute kidney injury evidence,Metadata retrieved from Crossref DOI record,"Liu Y, Li B, Hang L, Zhang L. Association between perioperative flurbiprofen administration and acute kidney injury (AKI) in spine surgery: a retrospective cohort study. Perioperative Medicine. 2024;13(1):59. doi:10.1186/s13741-024-00419-2."
14,fda_nsaid_label,US Food and Drug Administration,"Diclofenac sodium (Cambia) prescribing information: boxed warning for cardiovascular, gastrointestinal, and CABG risks",,2024,,,,,,https://www.accessdata.fda.gov/drugsatfda_docs/label/2024/022165s016lbl.pdf,International NSAID class warning and CABG contraindication; not a flurbiprofen-axetil-specific label,Official FDA label,"US Food and Drug Administration. Diclofenac sodium (Cambia) prescribing information: boxed warning for cardiovascular, gastrointestinal, and CABG risks. 2024. Available from: https://www.accessdata.fda.gov/drugsatfda_docs/label/2024/022165s016lbl.pdf."
15,sts2018,"Shore-Lesserson L, Baker RA, Ferraris VA, Greilich PE, Fitzgerald D, Roman P, Hammon JW","The Society of Thoracic Surgeons, The Society of Cardiovascular Anesthesiologists, and The American Society of ExtraCorporeal Technology: Clinical Practice Guidelines —Anticoagulation During Cardiopulmonary Bypass",The Annals of Thoracic Surgery,2018,105,2,650-662,10.1016/j.athoracsur.2017.09.061,,https://doi.org/10.1016/j.athoracsur.2017.09.061,Cardiopulmonary-bypass heparin and protamine dosing recommendations,Metadata retrieved from Crossref DOI record,"Shore-Lesserson L, Baker RA, Ferraris VA, Greilich PE, Fitzgerald D, Roman P, et al. The Society of Thoracic Surgeons, The Society of Cardiovascular Anesthesiologists, and The American Society of ExtraCorporeal Technology: Clinical Practice Guidelines —Anticoagulation During Cardiopulmonary Bypass. The Annals of Thoracic Surgery. 2018;105(2):650-662. doi:10.1016/j.athoracsur.2017.09.061."
16,vonk2014,"Vonk AB, Veerhoek D, van den Brom CE, van Barneveld LJ, Boer C",Individualized Heparin and Protamine Management Improves Rotational Thromboelastometric Parameters and Postoperative Hemostasis in Valve Surgery,Journal of Cardiothoracic and Vascular Anesthesia,2014,28,2,235-241,10.1053/j.jvca.2013.09.007,,https://doi.org/10.1053/j.jvca.2013.09.007,Individualised protamine management and postoperative haemostasis,Metadata retrieved from Crossref DOI record,"Vonk AB, Veerhoek D, van den Brom CE, van Barneveld LJ, Boer C. Individualized Heparin and Protamine Management Improves Rotational Thromboelastometric Parameters and Postoperative Hemostasis in Valve Surgery. Journal of Cardiothoracic and Vascular Anesthesia. 2014;28(2):235-241. doi:10.1053/j.jvca.2013.09.007."
17,protamine_jp_label,Mochida Pharmaceutical Co Ltd,Protamine sulfate intravenous 100 mg: Japanese package insert,,2023,,,,,,https://pins.japic.or.jp/pdf/newPINS/00063579.pdf,"Japanese protamine dose limit, dilution, infusion duration, and warnings",Official Japanese electronic package insert saved locally,Mochida Pharmaceutical Co Ltd. Protamine sulfate intravenous 100 mg: Japanese package insert. 2023. Available from: https://pins.japic.or.jp/pdf/newPINS/00063579.pdf.
18,wesselink2018,"Wesselink E, Kappen T, Torn H, Slooter A, van Klei W",Intraoperative hypotension and the risk of postoperative adverse outcomes: a systematic review,British Journal of Anaesthesia,2018,121,4,706-721,10.1016/j.bja.2018.04.036,,https://doi.org/10.1016/j.bja.2018.04.036,Heterogeneity and outcome associations of perioperative hypotension definitions,Metadata retrieved from Crossref DOI record,"Wesselink E, Kappen T, Torn H, Slooter A, van Klei W. Intraoperative hypotension and the risk of postoperative adverse outcomes: a systematic review. British Journal of Anaesthesia. 2018;121(4):706-721. doi:10.1016/j.bja.2018.04.036."
19,sessler2019,"Sessler DI, Bloomstone JA, Aronson S, Berry C, Gan TJ, Kellum JA, Plumb J, Mythen MG, Grocott MP, Edwards MR, Miller TE, Miller TE, Mythen MG, Grocott MP, Edwards MR, Ackland GL, Brudney CS, Cecconi M, Ince C, Irwin MG, Lacey J, Pinsky MR, Sanders R, Hughes F, Bader A, Thompson A, Hoeft A, Williams D, Shaw AD, Sessler DI, Aronson S, Berry C, Gan TJ, Kellum J, Plumb J, Bloomstone J, McEvoy MD, Thacker JK, Gupta R, Koepke E, Feldheiser A, Levett D, Michard F, Hamilton M","Perioperative Quality Initiative consensus statement on intraoperative blood pressure, risk and outcomes for elective surgery",British Journal of Anaesthesia,2019,122,5,563-574,10.1016/j.bja.2019.01.013,,https://doi.org/10.1016/j.bja.2019.01.013,MAP 60–70 mmHg absolute threshold and duration-dependent organ risk,Metadata retrieved from Crossref DOI record,"Sessler DI, Bloomstone JA, Aronson S, Berry C, Gan TJ, Kellum JA, et al. Perioperative Quality Initiative consensus statement on intraoperative blood pressure, risk and outcomes for elective surgery. British Journal of Anaesthesia. 2019;122(5):563-574. doi:10.1016/j.bja.2019.01.013."
20,kdigo2012,Kidney Disease: Improving Global Outcomes Acute Kidney Injury Work Group,KDIGO clinical practice guideline for acute kidney injury,Kidney Int Suppl,2012,2,1,1-138,,,https://kdigo.org/guidelines/acute-kidney-injury/,KDIGO acute kidney injury definition and staging,Official KDIGO guideline citation,Kidney Disease: Improving Global Outcomes Acute Kidney Injury Work Group. KDIGO clinical practice guideline for acute kidney injury. Kidney Int Suppl. 2012;2(1):1-138. Available from: https://kdigo.org/guidelines/acute-kidney-injury/.
21,spirit2025,"Chan AW, Boutron I, Hopewell S, Moher D, Schulz KF, Collins GS, Tunn R, Aggarwal R, Berkwits M, Berlin JA, Bhandari N, Butcher NJ, Campbell MK, Chidebe RCW, Elbourne DR, Farmer AJ, Fergusson DA, Golub RM, Goodman SN, Hoffmann TC, Ioannidis JPA, Kahan BC, Knowles RL, Lamb SE, Lewis S, Loder E, Offringa M, Ravaud P, Richards DP, Rockhold FW, Schriger DL, Siegfried NL, Staniszewska S, Taylor RS, Thabane L, Torgerson DJ, Vohra S, White IR, Hróbjartsson A",SPIRIT 2025 statement: updated guideline for protocols of randomised trials,BMJ,2025,389,,e081477,10.1136/bmj-2024-081477,,https://doi.org/10.1136/bmj-2024-081477,Current protocol reporting guideline,Metadata retrieved from Crossref DOI record,"Chan AW, Boutron I, Hopewell S, Moher D, Schulz KF, Collins GS, et al. SPIRIT 2025 statement: updated guideline for protocols of randomised trials. BMJ. 2025;389:e081477. doi:10.1136/bmj-2024-081477."
22,consort2025,"Hopewell S, Chan AW, Collins GS, Hróbjartsson A, Moher D, Schulz KF, Tunn R, Aggarwal R, Berkwits M, Berlin JA, Bhandari N, Butcher NJ, Campbell MK, Chidebe RCW, Elbourne D, Farmer A, Fergusson DA, Golub RM, Goodman SN, Hoffmann TC, Ioannidis JPA, Kahan BC, Knowles RL, Lamb SE, Lewis S, Loder E, Offringa M, Ravaud P, Richards DP, Rockhold FW, Schriger DL, Siegfried NL, Staniszewska S, Taylor RS, Thabane L, Torgerson D, Vohra S, White IR, Boutron I",CONSORT 2025 statement: updated guideline for reporting randomised trials,BMJ,2025,389,,e081123,10.1136/bmj-2024-081123,,https://doi.org/10.1136/bmj-2024-081123,Current randomised-trial results reporting guideline,Metadata retrieved from Crossref DOI record,"Hopewell S, Chan AW, Collins GS, Hróbjartsson A, Moher D, Schulz KF, et al. CONSORT 2025 statement: updated guideline for reporting randomised trials. BMJ. 2025;389:e081123. doi:10.1136/bmj-2024-081123."
