source_type,identifier,url,retrieved_utc,retrieval_conditions,local_path,bytes,sha256,usage_conditions
public,Live page captured 2026-09-25,https://journals.lww.com/aoca/pages/informationforauthors.aspx,2026-09-25T02:26:45+00:00,Captured through browser because direct request was blocked by Cloudflare,source/public/aca_information_for_authors_20260925.html,218,9627f4dfde681a043fe7b62b384ca337081fe37a5217b68129dd85c1af70be4d,Public journal instructions; retain snapshot for audit
public,October 2024 interview form,https://medical-pro.kaken.co.jp/product/ropion/documents/ropion_if_202410.pdf,2026-09-25T02:27:46+00:00,Medical-professional acknowledgement completed in browser; then downloaded,source/public/ropion_if_202410.pdf,1191512,7960ac29b8575427560627f0fdba99764f31d3127e459e4becd5b1d7124f1cdf,Public manufacturer professional information; citation/quotation only
public,Retrieved live version 2026-09-25,https://pins.japic.or.jp/pdf/newPINS/00054017.pdf,2026-09-25T02:28:00+00:00,Direct HTTPS download,source/public/ropion_japan_package_insert.pdf,393863,5170be37e9b274e8b94dc2f750f7d4819ef6d7c79d5033fdb7c9da3db800b44b,Public official package insert; citation/quotation only
public,Retrieved live version 2026-09-25,https://pins.japic.or.jp/pdf/newPINS/00063579.pdf,2026-09-25T02:26:15+00:00,Direct HTTPS download,source/public/protamine_japan_package_insert.pdf,236945,a5a392dd24c8d4f17b783f3b786f2b870d1878c156b77864422f4ada27c41761,Public official package insert; citation/quotation only
public,PMC full-text snapshot,https://pmc.ncbi.nlm.nih.gov/articles/PMC5850589/,2026-09-25T02:26:22+00:00,Direct HTTPS download,source/public/sts_sca_amsect_anticoagulation_guideline.html,290030,6b1c6f6be3f76a0fb8416d747b9882f1d8c246e58103078d34c1f04911270441,Open-access article under source-stated terms
public,SPIRIT 2025 expanded checklist,https://www.consort-spirit.org/_files/ugd/b5740e_ffb985d849cc41afbe66d58babc8653f.pdf,2026-09-25T02:28:01+00:00,Direct HTTPS download,source/public/spirit_2025_expanded_checklist.pdf,210259,f5e8e1eec078d6c9d5d5598b1372fa22b65454bd9f5e8f177e6f7dc3bab86fc6,Reporting-guideline checklist; retain for completion audit
public,Live article page captured 2026-09-25,https://www.bmj.com/content/389/bmj-2024-081477,2026-09-25T02:26:58+00:00,Captured through browser because direct request was blocked,source/public/spirit_2025_statement_20260925.html,669492,b2b15783f704f2e3017f90a40cdbbad58aca3ea16fb56634c83b256c0b48fec2,Public article page; citation/quotation under publisher terms
public,Live article page captured 2026-09-25,https://www.bmj.com/content/389/bmj-2024-081123,2026-09-25T02:27:05+00:00,Captured through browser because direct request was blocked,source/public/consort_2025_statement_20260925.html,794240,927c152c64baea2ea7bbd739d489d49ea5604d6aea77cb7b757512c3fc8c909a,Public article page; citation/quotation under publisher terms
public,Live DailyMed label snapshot,https://dailymed.nlm.nih.gov/dailymed/lookup.cfm?setid=8df0a819-9e1a-44ce-97a6-3ea82c867d44,2026-09-25T02:26:23+00:00,Direct HTTPS download,source/public/dailymed_protamine.html,142386,7790c416c6639b4335d51d7424849fb2d534fb2ebd165376f2077dd7c8ba94ad,US government drug-label information
public,Publisher full-text snapshot,https://apm.amegroups.org/article/view/106570/html,2026-09-25T02:28:04+00:00,Direct HTTPS download,source/public/suksompong_2022_antihistamine_trial.html,130491,b3dfdc005b606f3a404e7c00830062dbbf05e90384bb2ca73df85220a0ee97dc,Open-access article under source-stated terms
public,Browser capture attempted for Kimmel adverse-event article,https://pubmed.ncbi.nlm.nih.gov/,2026-09-25T02:28:02+00:00,Browser capture resolved to a PubMed landing page rather than article full text,source/public/kimmel_1998_protamine_adverse_events.html,5686,d6f271275688fcb3c8ef80aab433834892ed96cc085ab0640278e61716c70cf8,Retained as an incomplete acquisition attempt; not used as the metadata source
public,Medical-professional authentication page capture,https://medical-pro.kaken.co.jp/auth.html,2026-09-25T02:27:08+00:00,Browser capture before retrieving the interview-form PDF,source/public/ropion_if_202410_browser.html,92669,7b8d94b3ce63f45fdcf25c15bb000fb194e397eb19573818f667f97ca183a4d6,Authentication provenance only; not substantive evidence
public-api,10.1016/j.bja.2018.01.023,https://api.crossref.org/works/10.1016%2Fj.bja.2018.01.023,2026-09-25T02:39:01+00:00,Crossref REST API; complete single-work response,literature/raw/crossref_boer2018.json,44771,2ef430181e172906b0ee2777387c0610f24c6c03a18580e83b012114e7336487,Crossref public metadata; retain response for citation audit
public-api,10.1016/0091-6749(90)90189-b,https://api.crossref.org/works/10.1016%2F0091-6749%2890%2990189-b,2026-09-25T02:39:01+00:00,Crossref REST API; complete single-work response,literature/raw/crossref_weiler1990.json,15870,68e77b06a02bd8e94f52f8801b3812e1bf16491acab8607b2a106f24e8dcccd1,Crossref public metadata; retain response for citation audit
public-api,10.1016/s0895-4356(97)00241-2,https://api.crossref.org/works/10.1016%2Fs0895-4356%2897%2900241-2,2026-09-25T02:39:01+00:00,Crossref REST API; complete single-work response,literature/raw/crossref_kimmel1998events.json,11837,20fe3cae14301d1e02e4a8fe2837b49c580835db92f3f28196f26ae81ae46174,Crossref public metadata; retain response for citation audit
public-api,10.1097/00000542-200502000-00011,https://api.crossref.org/works/10.1097%2F00000542-200502000-00011,2026-09-25T02:39:02+00:00,Crossref REST API; complete single-work response,literature/raw/crossref_welsby2005.json,6144,c9f7e928e7b94949fc99052abd82df28bb0c0b7493b97f50192489b5604d368e,Crossref public metadata; retain response for citation audit
public-api,10.1016/s0735-1097(98)00484-7,https://api.crossref.org/works/10.1016%2Fs0735-1097%2898%2900484-7,2026-09-25T02:39:02+00:00,Crossref REST API; complete single-work response,literature/raw/crossref_kimmel1998risk.json,17811,3c8248bfbf00c4016bc7756448ee3375d3baba01a42fb6a109903c487259c0c8,Crossref public metadata; retain response for citation audit
public-api,10.1056/nejm198904063201402,https://api.crossref.org/works/10.1056%2Fnejm198904063201402,2026-09-25T02:39:02+00:00,Crossref REST API; complete single-work response,literature/raw/crossref_weiss1989.json,10062,7d3297064db07a6b129cc0a632ae2437c42fd91d152c50e7fc29d5f5c6d0c324,Crossref public metadata; retain response for citation audit
public-api,10.21037/apm-22-714,https://api.crossref.org/works/10.21037%2Fapm-22-714,2026-09-25T02:39:02+00:00,Crossref REST API; complete single-work response,literature/raw/crossref_suksompong2023.json,2529,00761c062c6fdb96128f10a5f20f92709fa6fdab42b1def6719365e9d68d1926,Crossref public metadata; retain response for citation audit
public-api,10.1213/00000539-198803000-00008,https://api.crossref.org/works/10.1213%2F00000539-198803000-00008,2026-09-25T02:39:02+00:00,Crossref REST API; complete single-work response,literature/raw/crossref_hobbhahn1988.json,2387,1794d74f13ece0ed0525487dbd31431f995638523d1912fe72694eee1a69d60c,Crossref public metadata; retain response for citation audit
public-api,10.1038/s41392-020-00443-w,https://api.crossref.org/works/10.1038%2Fs41392-020-00443-w,2026-09-25T02:39:03+00:00,Crossref REST API; complete single-work response,literature/raw/crossref_wang2021.json,207663,ab438d6b35d67effdaa71ecd9cef93b0df12ca4156a8482228fddef95f098efe,Crossref public metadata; retain response for citation audit
public-api,10.1007/s00540-006-0389-6,https://api.crossref.org/works/10.1007%2Fs00540-006-0389-6,2026-09-25T02:39:03+00:00,Crossref REST API; complete single-work response,literature/raw/crossref_yamashita2006.json,6381,440d57c19929ab561d0e481800781e1e4e7a584d8d5596e6980a8f2e43dfe8c1,Crossref public metadata; retain response for citation audit
public-api,10.1186/s13741-024-00419-2,https://api.crossref.org/works/10.1186%2Fs13741-024-00419-2,2026-09-25T02:39:03+00:00,Crossref REST API; complete single-work response,literature/raw/crossref_liu2024.json,21651,2d4a53f182da324545efe14b826017d95ad0353f7ef5fdfbcb6ec0c60f9431ac,Crossref public metadata; retain response for citation audit
public-api,10.1016/j.athoracsur.2017.09.061,https://api.crossref.org/works/10.1016%2Fj.athoracsur.2017.09.061,2026-09-25T02:39:03+00:00,Crossref REST API; complete single-work response,literature/raw/crossref_sts2018.json,45586,5b26e6388bc4fc0fe4f84213de69e1e0da4c2a1b41e420b25c32e61310fc338e,Crossref public metadata; retain response for citation audit
public-api,10.1053/j.jvca.2013.09.007,https://api.crossref.org/works/10.1053%2Fj.jvca.2013.09.007,2026-09-25T02:39:04+00:00,Crossref REST API; complete single-work response,literature/raw/crossref_vonk2014.json,11105,e8786b3c2eaa407171f08fde894413c9ee047d1b2ae1456243b2568c80d3a392,Crossref public metadata; retain response for citation audit
public-api,10.1016/j.bja.2018.04.036,https://api.crossref.org/works/10.1016%2Fj.bja.2018.04.036,2026-09-25T02:39:04+00:00,Crossref REST API; complete single-work response,literature/raw/crossref_wesselink2018.json,19476,f59798894f1e3adea7654521ec7f47c8c580860545afd4eed11a181afe790b00,Crossref public metadata; retain response for citation audit
public-api,10.1016/j.bja.2019.01.013,https://api.crossref.org/works/10.1016%2Fj.bja.2019.01.013,2026-09-25T02:39:04+00:00,Crossref REST API; complete single-work response,literature/raw/crossref_sessler2019.json,24345,b10b012d452baaa21796273e9afc3e31369b823538bca1eeb241393af66bd394,Crossref public metadata; retain response for citation audit
public-api,10.1038/kisup.2012.1,https://api.crossref.org/works/10.1038%2Fkisup.2012.1,2026-09-25T02:39:04+00:00,Crossref REST API; complete single-work response,literature/raw/crossref_kdigo2012.json,2201,95b8f0710930511ad32369f7d4e3ef100839265009dee473014a3298ac7284a1,Crossref public metadata; retain response for citation audit
public-api,10.1136/bmj-2024-081477,https://api.crossref.org/works/10.1136%2Fbmj-2024-081477,2026-09-25T02:39:04+00:00,Crossref REST API; complete single-work response,literature/raw/crossref_spirit2025.json,25882,296435327f99110b43cf779f79ecd38118f7c5f3661ceac019761850e6c15b3d,Crossref public metadata; retain response for citation audit
public-api,10.1136/bmj-2024-081123,https://api.crossref.org/works/10.1136%2Fbmj-2024-081123,2026-09-25T02:39:05+00:00,Crossref REST API; complete single-work response,literature/raw/crossref_consort2025.json,23851,e4892e0be2e0baf4c778e5a71faf58de14366c11cb377e98818c7ebe4c9a2536,Crossref public metadata; retain response for citation audit
